<?xml version="1.0" encoding="ISO-8859-1"?>
<Configuration>

<Shared_FilePath>D:\Users\username\Documents\SFC\SharedPath\</Shared_FilePath>

<Shared_Folder_Name>SC_PO\</Shared_Folder_Name>
<Temporary_FilePath>Temp\SC_PO\</Temporary_FilePath>
<ErrorLog_FilePath>ErrorLog\SC_PO\ErrorLog.txt</ErrorLog_FilePath>
<XMLLocalFolderPath>D:\Users\username\Documents\SFC\</XMLLocalFolderPath>
<ScreenshotFolderName>ErrorLog\SC_PO\SC_PO_ScreenShots\</ScreenshotFolderName>
<TemplateFolderName>Template\SC_PO\</TemplateFolderName>


<GenericException_FilePath>GenericException.xaml</GenericException_FilePath>
<Cleanup_Filepath>CleanUp.xaml</Cleanup_Filepath>
<Selector_Filepath>Selector.txt</Selector_Filepath>
<Delete_Filepath>DeleteFiles.xaml</Delete_Filepath>
<!--Excel Values: Haritha-->
<XMLFile-SC_Headers>Purchasing Group,Purchasing Group2,SC N.,SC Description,SC Item N.,Product Description,Vendor,Shopping cart type,SC Status,Requester,Purchasing type,Purchasing type2,Project,Project2,Product Category,PO Created,Organizational Unit,Manufacturer Code,Manufacturer Code2,Calendar Day,Purchasing Organization,Purchasing Organization2,SC Original Currency,SC Quantity,SC Value,Limit Value</XMLFile-SC_Headers>
<XMLFile-SC_ColumnNames>Purchasing Group,Purchasing type,Project,Manufacturer Code,Purchasing Organization</XMLFile-SC_ColumnNames>
<XMlFIle-SC_Column1>Approval</XMlFIle-SC_Column1>
<XMLFile-Excel1-SheetName>SAPBW_DOWNLOAD</XMLFile-Excel1-SheetName>
<XMLFile-SC_PO_Excel_SheetName3>Raw Data</XMLFile-SC_PO_Excel_SheetName3>
<XMLFile-SC_PO_Excel_SheetName2>SC-PO</XMLFile-SC_PO_Excel_SheetName2>
<XMLFile-SC_PO_Excel_SheetName1>RESU</XMLFile-SC_PO_Excel_SheetName1>
<XMLFile-SC_PO_Excel_RAnge>A1</XMLFile-SC_PO_Excel_RAnge>
<XMLFile-SC_PO_Excel_RAnge2>M1</XMLFile-SC_PO_Excel_RAnge2>


<!--Email Values: Haritha-->
<Email_TO>haritha.machanuru@capgemini.com</Email_TO>
<Email_CC>haritha.machanuru@capgemini.com</Email_CC>
<Email_Body>Please find the Attachments</Email_Body>

<Email_Subject3>B2B file not found - </Email_Subject3>
<Email_Subject2>Could not find values for the  Dimensions - </Email_Subject2>
<Email_Body2>Please check excel for missing data</Email_Body2>
<Email_Subject>Book-To-Bill files</Email_Subject>

<Reporting_Calender_Check>ReportingCalendarCheck.xaml</Reporting_Calender_Check>
<Implementation_Calender_FileName>Template\YYYY Group Finance Reporting Timetable.xlsx</Implementation_Calender_FileName>
<Report_Type>Actual</Report_Type>

</Configuration>